<?xml version="1.0"?>

<robot name = "Blinky">
	<interface>
		<device name = "pilot"   type = "joystick" num="1" />
	</interface>

	<control type = "arcade_drive" period = "0.05" priority = "0">
		<motor name = "left"    type = "Victor" module = "1" port = "1"  invert = "true"/>
		<motor name = "right"   type = "Victor" module = "1" port = "2"  invert = "false"/>

		<oi name = "forward" device = "pilot" chan = "2" invert="true"/>
		<oi name = "turn"    device = "pilot" chan = "3" invert="true"/>			
	</control>

	<control type="motor" period = "0.05"  name="test1">
		<motor name = "test1"    type = "Victor" module = "1" port = "10"  invert = "false" />

		<oi name="analog" scale="1.0" device="pilot" chan="6" />
 	    
	</control>	
</robot>




