<?xml version="1.0"?>
<robot name = "Pinky">
	<interface>
		<device name = "pilot"   type = "joystick" num="0" />
	</interface>
	
  <control type="arcade_drive" name="drive">
       <motor name="front_left"   	type="Victor" 	port="6" invert="false" />
       <motor name="front_right"  	type="Victor"  	port="7" invert="false" />
       <motor name="back_left"  	type="Victor" 	port="8" invert="false" />
       <motor name="back_right" 	type="Victor" 	port="9" invert="false" />
       <oi name="forward"      	device="pilot" chan="1"  scale="-1.0"	/>
       <oi name="turn"         	device="pilot" chan="2"  scale="-1.0"	/>
    </control>
</robot>



