<?xml version="1.0"?>

<robot name = "TotsMuhGoats">
	<interface>
		<device name = "pilot"   type = "joystick" num="0" />
	</interface>

	<control type = "arcade_drive" period = "0.05" priority = "0">
		<motor name = "left"    type = "Victor" port = "3"  invert = "false"/>
		<motor name = "left_b"   type = "Victor" port = "4"  invert = "false"/>
		<motor name = "right"    type = "Victor" port = "1"  invert = "true"/>
		<motor name = "right_b"   type = "Victor" port = "2"  invert = "true"/>

		<oi name = "forward" device = "pilot" chan = "1" scale="-0.5"/>
		<oi name = "turn"    device = "pilot" chan = "2" scale="-0.4"/>			

	</control>	

	<control type="motor" period = "0.05"  name="lift">
		<motor name = "lift"    type = "Victor" port = "0"  invert = "false" />

        <oi name="increment" step="0.1" device="pilot" chan="5"]/>
        <oi name="decrement" step="0.1" device="pilot" chan="7" />
        <oi name="stop"      device="pilot" chan="6" />
		
	</control>	
	
</robot>




