<?xml version="1.0"?>

<robot name = "SWTestBed">
	<interface>
		<device name = "pilot"   type = "joystick" num="1" />
	</interface>
	<control type = "motor" period = "0.05" priority = "0" ramp="0.0005" name="dual motor">
		<motor type = "Victor" module = "1" port = "1"  invert = "false" />
		<motor type = "Victor" module = "1" port = "2"  invert = "false" />
    	<oi name="analog"    device="pilot" chan="1" />
    	<oi name="increment" device="pilot" chan="2" step="0.1"/>
    	<oi name="decrement"  device="pilot" chan="3" step="0.1"/>
	</control>
	<control type="servo" period = "0.05"  name="Servo Thing" default="0.0" >
		<servo name = "Servo Thing" module = "1" port = "3"/>

		<oi name="increment" step="0.1" device="pilot" chan="5" />
		<oi name="decrement" step="0.1" device="pilot" chan="7" />
	</control>	
</robot>



