<xml version="1.0">
<dashboard>
	<widget field="Config Loads" type="Number" class="edu.wpi.first.smartdashboard.gui.elements.TextBox">
		<location x="916" y="420"/>
	</widget>
	<widget field="Auton Description" type="String" class="edu.wpi.first.smartdashboard.gui.elements.TextBox">
		<location x="889" y="371"/>
	</widget>
	<widget field="Auton Delay" type="Number" class="edu.wpi.first.smartdashboard.gui.elements.TextBox">
		<location x="915" y="391"/>
	</widget>
	<widget field="Auton Selected" type="Number" class="edu.wpi.first.smartdashboard.gui.elements.TextBox">
		<location x="903" y="352"/>
	</widget>
	<widget field="Auton Enabled" type="Boolean" class="edu.wpi.first.smartdashboard.gui.elements.TextBox">
		<location x="906" y="327"/>
	</widget>
	<widget field="  Compressor Current" type="Number" class="edu.wpi.first.smartdashboard.gui.elements.TextBox">
		<location x="875" y="278"/>
	</widget>
	<widget field="  Compressor On" type="Boolean" class="edu.wpi.first.smartdashboard.gui.elements.TextBox">
		<location x="896" y="226"/>
	</widget>
	<widget field="  Compressor Ready" type="Boolean" class="edu.wpi.first.smartdashboard.gui.elements.TextBox">
		<location x="883" y="256"/>
	</widget>
	<widget field="CL hold open: " type="Boolean" class="edu.wpi.first.smartdashboard.gui.elements.TextBox">
		<location x="670" y="389"/>
	</widget>
	<widget field="CL claw open: " type="Boolean" class="edu.wpi.first.smartdashboard.gui.elements.TextBox">
		<location x="662" y="364"/>
	</widget>
	<widget field="CL wrist open: " type="Boolean" class="edu.wpi.first.smartdashboard.gui.elements.TextBox">
		<location x="652" y="341"/>
	</widget>
	<widget field="CL roller out: " type="Number" class="edu.wpi.first.smartdashboard.gui.elements.TextBox">
		<location x="665" y="318"/>
	</widget>
	<widget field="CL motor cmd: " type="Number" class="edu.wpi.first.smartdashboard.gui.elements.TextBox">
		<location x="658" y="294"/>
	</widget>
	<widget field="CL hold cmd" type="Boolean" class="edu.wpi.first.smartdashboard.gui.elements.TextBox">
		<location x="672" y="270"/>
	</widget>
	<widget field="CL roller cmd: " type="Number" class="edu.wpi.first.smartdashboard.gui.elements.TextBox">
		<location x="670" y="242"/>
	</widget>
	<widget field="CL targ pos: " type="Number" class="edu.wpi.first.smartdashboard.gui.elements.TextBox">
		<location x="674" y="213"/>
	</widget>
	<widget field="CL motor targ: " type="Number" class="edu.wpi.first.smartdashboard.gui.elements.TextBox">
		<location x="669" y="188"/>
	</widget>
	<widget field="CL arm pos: " type="Number" class="edu.wpi.first.smartdashboard.gui.elements.TextBox">
		<location x="680" y="165"/>
	</widget>
	<widget field="CL arm raw: " type="Number" class="edu.wpi.first.smartdashboard.gui.elements.TextBox">
		<location x="678" y="138"/>
	</widget>
	<widget field="CL arm pot: " type="Boolean" class="edu.wpi.first.smartdashboard.gui.elements.TextBox">
		<location x="679" y="115"/>
	</widget>
	<widget field="CL can in: " type="Number" class="edu.wpi.first.smartdashboard.gui.elements.TextBox">
		<location x="691" y="91"/>
	</widget>
	<widget field="CL bot lim: " type="Boolean" class="edu.wpi.first.smartdashboard.gui.elements.TextBox">
		<location x="690" y="66"/>
	</widget>
	<widget field="CL top lim:" type="Boolean" class="edu.wpi.first.smartdashboard.gui.elements.TextBox">
		<location x="847" y="37"/>
	</widget>
	<widget field="CL hold closed loop: " type="Boolean" class="edu.wpi.first.smartdashboard.gui.elements.TextBox">
		<location x="644" y="42"/>
	</widget>
	<widget field="CL claw closed loop: " type="Boolean" class="edu.wpi.first.smartdashboard.gui.elements.TextBox">
		<location x="644" y="21"/>
	</widget>
	<widget field="CL arm closed loop: " type="Boolean" class="edu.wpi.first.smartdashboard.gui.elements.TextBox">
		<location x="644" y="0"/>
	</widget>
	<widget field="CL cycles: " type="Number" class="edu.wpi.first.smartdashboard.gui.elements.TextBox">
		<location x="849" y="8"/>
	</widget>
	<widget field="Can Lift: " type="Boolean" class="edu.wpi.first.smartdashboard.gui.elements.TextBox">
		<location x="686" y="422"/>
	</widget>
	<widget field="CD winch power: " type="Number" class="edu.wpi.first.smartdashboard.gui.elements.TextBox">
		<location x="490" y="105"/>
	</widget>
	<widget field="CD winch targ: " type="Number" class="edu.wpi.first.smartdashboard.gui.elements.TextBox">
		<location x="490" y="84"/>
	</widget>
	<widget field="CD pos targ: " type="Number" class="edu.wpi.first.smartdashboard.gui.elements.TextBox">
		<location x="490" y="63"/>
	</widget>
	<widget field="CD r sol cmd: " type="Boolean" class="edu.wpi.first.smartdashboard.gui.elements.TextBox">
		<location x="490" y="42"/>
	</widget>
	<widget field="CD l sol cmd: " type="Boolean" class="edu.wpi.first.smartdashboard.gui.elements.TextBox">
		<location x="492" y="21"/>
	</widget>
	<widget field="CD r sol targ: " type="Boolean" class="edu.wpi.first.smartdashboard.gui.elements.TextBox">
		<location x="490" y="0"/>
	</widget>
	<widget field="CD l sol targ: " type="Boolean" class="edu.wpi.first.smartdashboard.gui.elements.TextBox">
		<location x="486" y="345"/>
	</widget>
	<widget field="CD left active: " type="Boolean" class="edu.wpi.first.smartdashboard.gui.elements.TextBox">
		<location x="479" y="321"/>
	</widget>
	<widget field="CD right active: " type="Boolean" class="edu.wpi.first.smartdashboard.gui.elements.TextBox">
		<location x="484" y="303"/>
	</widget>
	<widget field="CD arm pos: " type="Number" class="edu.wpi.first.smartdashboard.gui.elements.TextBox">
		<location x="499" y="283"/>
	</widget>
	<widget field="CD pot raw: " type="Number" class="edu.wpi.first.smartdashboard.gui.elements.TextBox">
		<location x="506" y="263"/>
	</widget>
	<widget field="CD pot ready: " type="Boolean" class="edu.wpi.first.smartdashboard.gui.elements.TextBox">
		<location x="494" y="243"/>
	</widget>
	<widget field="CD bot r lim: " type="Boolean" class="edu.wpi.first.smartdashboard.gui.elements.TextBox">
		<location x="503" y="219"/>
	</widget>
	<widget field="CD bot l lim: " type="Boolean" class="edu.wpi.first.smartdashboard.gui.elements.TextBox">
		<location x="506" y="199"/>
	</widget>
	<widget field="CD top r lim: " type="Boolean" class="edu.wpi.first.smartdashboard.gui.elements.TextBox">
		<location x="505" y="179"/>
	</widget>
	<widget field="CD top l lim: " type="Boolean" class="edu.wpi.first.smartdashboard.gui.elements.TextBox">
		<location x="509" y="158"/>
	</widget>
	<widget field="CD closed loop: " type="Boolean" class="edu.wpi.first.smartdashboard.gui.elements.TextBox">
		<location x="492" y="132"/>
	</widget>
	<widget field="CD cycles: " type="Number" class="edu.wpi.first.smartdashboard.gui.elements.TextBox">
		<location x="493" y="370"/>
	</widget>
	<widget field="Can Dom: " type="Boolean" class="edu.wpi.first.smartdashboard.gui.elements.TextBox">
		<location x="496" y="400"/>
	</widget>
	<widget field="TL Current: " type="Number" class="edu.wpi.first.smartdashboard.gui.elements.TextBox">
		<location x="146" y="273"/>
	</widget>
	<widget field="TL Stall: " type="Boolean" class="edu.wpi.first.smartdashboard.gui.elements.TextBox">
		<location x="146" y="252"/>
	</widget>
	<widget field="TL Eject: " type="Boolean" class="edu.wpi.first.smartdashboard.gui.elements.TextBox">
		<location x="146" y="231"/>
	</widget>
	<widget field="TL Cmd Pwr: " type="Number" class="edu.wpi.first.smartdashboard.gui.elements.TextBox">
		<location x="162" y="307"/>
	</widget>
	<widget field="TL Trg Pwr: " type="Number" class="edu.wpi.first.smartdashboard.gui.elements.TextBox">
		<location x="146" y="210"/>
	</widget>
	<widget field="TL Trg Name: " type="String" class="edu.wpi.first.smartdashboard.gui.elements.TextBox">
		<location x="164" y="330"/>
	</widget>
	<widget field="TL Trg Pos: " type="Number" class="edu.wpi.first.smartdashboard.gui.elements.TextBox">
		<location x="146" y="189"/>
	</widget>
	<widget field="TL Act Pos: " type="Number" class="edu.wpi.first.smartdashboard.gui.elements.TextBox">
		<location x="146" y="168"/>
	</widget>
	<widget field="TL Raw Pos: " type="Number" class="edu.wpi.first.smartdashboard.gui.elements.TextBox">
		<location x="169" y="352"/>
	</widget>
	<widget field="TL Pot Ready: " type="Boolean" class="edu.wpi.first.smartdashboard.gui.elements.TextBox">
		<location x="159" y="375"/>
	</widget>
	<widget field="TL Tote 2: " type="Boolean" class="edu.wpi.first.smartdashboard.gui.elements.TextBox">
		<location x="146" y="147"/>
	</widget>
	<widget field="TL Tote 1: " type="Boolean" class="edu.wpi.first.smartdashboard.gui.elements.TextBox">
		<location x="146" y="126"/>
	</widget>
	<widget field="TL Bot Lim: " type="Boolean" class="edu.wpi.first.smartdashboard.gui.elements.TextBox">
		<location x="146" y="105"/>
	</widget>
	<widget field="TL Top Lim: " type="Boolean" class="edu.wpi.first.smartdashboard.gui.elements.TextBox">
		<location x="146" y="84"/>
	</widget>
	<widget field="TL Cl Loop: " type="Boolean" class="edu.wpi.first.smartdashboard.gui.elements.TextBox">
		<location x="146" y="63"/>
	</widget>
	<widget field="TL Cycles: " type="Number" class="edu.wpi.first.smartdashboard.gui.elements.TextBox">
		<location x="146" y="42"/>
	</widget>
	<widget field="  Tote Lift " type="Boolean" class="edu.wpi.first.smartdashboard.gui.elements.TextBox">
		<location x="146" y="21"/>
	</widget>
	<widget field="Intake_JawPot_R" type="Number" class="edu.wpi.first.smartdashboard.gui.elements.TextBox">
		<location x="311" y="105"/>
	</widget>
	<widget field="Intake_JawPot_L" type="Number" class="edu.wpi.first.smartdashboard.gui.elements.TextBox">
		<location x="311" y="84"/>
	</widget>
	<widget field="In_JawDesiredCmd" type="Boolean" class="edu.wpi.first.smartdashboard.gui.elements.TextBox">
		<location x="311" y="63"/>
	</widget>
	<widget field="In_PtoActiveCmd" type="Boolean" class="edu.wpi.first.smartdashboard.gui.elements.TextBox">
		<location x="311" y="42"/>
	</widget>
	<widget field="In_MotorCurrent_R" type="Number" class="edu.wpi.first.smartdashboard.gui.elements.TextBox">
		<location x="311" y="21"/>
	</widget>
	<widget field="In_MotorCurrent_L" type="Number" class="edu.wpi.first.smartdashboard.gui.elements.TextBox">
		<location x="311" y="0"/>
	</widget>
	<widget field="In_MotorCmd_R" type="Number" class="edu.wpi.first.smartdashboard.gui.elements.TextBox">
		<location x="307" y="253"/>
	</widget>
	<widget field="In_MotorCmd_L" type="Number" class="edu.wpi.first.smartdashboard.gui.elements.TextBox">
		<location x="317" y="180"/>
	</widget>
	<widget field="In_MotorTarget_R" type="Number" class="edu.wpi.first.smartdashboard.gui.elements.TextBox">
		<location x="307" y="154"/>
	</widget>
	<widget field="In_MotorTarget_L" type="Number" class="edu.wpi.first.smartdashboard.gui.elements.TextBox">
		<location x="308" y="129"/>
	</widget>
	<widget field="In_Cycles" type="Number" class="edu.wpi.first.smartdashboard.gui.elements.TextBox">
		<location x="342" y="204"/>
	</widget>
	<widget field="In_System" type="Boolean" class="edu.wpi.first.smartdashboard.gui.elements.TextBox">
		<location x="332" y="229"/>
	</widget>
	<widget field="Drv Rate Lim Per Step" type="Number" class="edu.wpi.first.smartdashboard.gui.elements.TextBox">
		<location x="-48" y="315"/>
	</widget>
	<widget field="Drv Rate Lim" type="Boolean" class="edu.wpi.first.smartdashboard.gui.elements.TextBox">
		<location x="0" y="294"/>
	</widget>
	<widget field="Drv Kp:dist" type="Number" class="edu.wpi.first.smartdashboard.gui.elements.TextBox">
		<location x="0" y="273"/>
	</widget>
	<widget field="Drv K:vel" type="Number" class="edu.wpi.first.smartdashboard.gui.elements.TextBox">
		<location x="0" y="252"/>
	</widget>
	<widget field="Drv K:gyro" type="Number" class="edu.wpi.first.smartdashboard.gui.elements.TextBox">
		<location x="0" y="231"/>
	</widget>
	<widget field="Drv gyro D" type="Number" class="edu.wpi.first.smartdashboard.gui.elements.TextBox">
		<location x="0" y="210"/>
	</widget>
	<widget field="Drv gyro M" type="Number" class="edu.wpi.first.smartdashboard.gui.elements.TextBox">
		<location x="0" y="189"/>
	</widget>
	<widget field="Drv pow R" type="Number" class="edu.wpi.first.smartdashboard.gui.elements.TextBox">
		<location x="0" y="168"/>
	</widget>
	<widget field="Drv pow L" type="Number" class="edu.wpi.first.smartdashboard.gui.elements.TextBox">
		<location x="0" y="147"/>
	</widget>
	<widget field="Drv vel R" type="Number" class="edu.wpi.first.smartdashboard.gui.elements.TextBox">
		<location x="0" y="126"/>
	</widget>
	<widget field="Drv vel L" type="Number" class="edu.wpi.first.smartdashboard.gui.elements.TextBox">
		<location x="0" y="105"/>
	</widget>
	<widget field="Drv cmd dist" type="Number" class="edu.wpi.first.smartdashboard.gui.elements.TextBox">
		<location x="0" y="84"/>
	</widget>
	<widget field="Drv enc R" type="Number" class="edu.wpi.first.smartdashboard.gui.elements.TextBox">
		<location x="0" y="63"/>
	</widget>
	<widget field="Drv enc L" type="Number" class="edu.wpi.first.smartdashboard.gui.elements.TextBox">
		<location x="0" y="42"/>
	</widget>
	<widget field="Drive Mode" type="Number" class="edu.wpi.first.smartdashboard.gui.elements.TextBox">
		<location x="0" y="21"/>
	</widget>
	<widget field="Drive Ready" type="Boolean" class="edu.wpi.first.smartdashboard.gui.elements.TextBox">
		<location x="0" y="0"/>
	</widget>
</dashboard>
<live-window>
</live-window>
</xml>