<?xml version="1.0"?>

<robot name = "DeadGhost">
	<interface>
		<device name = "pilot"   type = "joystick" num="1" />
	</interface>
	
	<control type="compressor" period = "1.00"  >
		<switch module="1" port="14" />
 		<relay  module="1" port="1" />
	</control>

	<control type = "arcade_drive" period = "0.05" priority = "0">
		<motor name = "left"    type = "Victor" module = "1" port = "3"  invert = "false" />
		<motor name = "right"   type = "Victor" module = "1" port = "1"  invert = "true"  />
		<motor name = "left_b"  type = "Victor" module = "1" port = "4"  invert = "false" />
		<motor name = "right_b" type = "Victor" module = "1" port = "2"  invert = "true"  />

		<oi name = "forward" device = "pilot" chan = "2" invert="true"/>
		<oi name = "turn"    device = "pilot" chan = "3" invert="true"/>			
	</control>

	<control type="motor_cl_pos" period = "0.05"  name="test1">
		<motor type = "Victor" module = "1" port = "5"  invert = "false" />
		<pot module="1" port="2" scale="1.0" offset="0.0" min_raw="0.1" max_raw="4.9" />
 		<pid kp="0.3" ki="0.0" kd="0.0"
 	  	 	targ_min="0.0" targ_max="5.0" targ_thp="0.5"
   		 	cntl_min="-1.0" cntl_max="1.0" />

    	<oi name="increment" step="0.5" device="pilot" chan="6" />
    	<oi name="decrement" step="0.5" device="pilot" chan="8" />
    	<oi name="stop"      device="pilot" chan="3" />
    	<oi name="setpoint1" device="pilot" chan="2" value="1.5" />
    	<oi name="setpoint2" device="pilot" chan="1" value="2.5" />
    	<oi name="setpoint3" device="pilot" chan="4" value="3.5" />
	</control>

	<control type="motor" period = "0.05"  name="test2">
		<motor name = "test2"    type = "Victor" module = "1" port = "6"  invert = "false" />

		<oi name="increment" step="2.0" device="pilot" chan="5" />
 	      	<oi name="decrement" step="2.0" device="pilot" chan="7" />
	</control>
	
	<control type="solenoid" period="0.05" name="swag_back" >
		<solenoid module="1" port="1" />
		<oi name="toggle" device="pilot" chan="9"/>
	</control>

	<control type="solenoid" period="0.05" name="swag_front">
		<solenoid  module="1" port="2" />
		<oi name="toggle" device="pilot" chan="10"/>
	</control>
</robot>



