<?xml version="1.0"?>

<robot name = "DeadGhost">
	<interface>
		<device name = "pilot"   type = "joystick" num="1" />
	</interface>

	<control type = "arcade_drive" period = "0.05" priority = "0">
		<motor name = "left"    type = "Victor" module = "1" port = "1"  invert = "true"/>
		<motor name = "right"   type = "Victor" module = "1" port = "2"  invert = "false"/>

		<oi name = "forward" device = "pilot" chan = "2" invert="true"/>
		<oi name = "turn"    device = "pilot" chan = "3" invert="true"/>			
	</control>

	<control type="motor" period = "0.05"  name="test2">
		<motor name = "test2"    type = "Victor" module = "1" port = "4"  invert = "false" />

		<oi name="decrement" step="0.25" device="pilot" chan="2" />
		<oi name="increment" step="0.25" device="pilot" chan="4" />
		<oi name="stop" device="pilot" chan="3" />
 	    
	</control>	
</robot>




