<?xml version="1.0"?>
<macro name= "Move">
	<connect type="head" step="preAuton"/>
	<connect type="abort" step="finalDriveStop"/>
<!-- wait in Auton -->
	<step type="MSWait" name="preAuton" time="0.0" ctrl_name= "gen">
		<connect type="next" step="driveALittle"/>
	</step>
<!-- first tote -->
	<step type="MSDriveDistance" name="driveALittle" distance="60.0" forward="60.0"
		turn="0.0" tolerance="2.0" duration="3.0" desired="0.0" ctrl_name= "drive">
	</step>

	<!-- Stop -->
	<step type="MSDrivePower" name="finalDriveStop" forward="0.0" turn="0.0" ctrl_name= "drive">
	</step>

</macro>
