<?xml version="1.0"?>
<macro name= "3 Totes no turning">
	<connect type="head" step="preAuton"/>
	<connect type="abort" step="finalDriveStop"/>
<!-- wait in Auton -->
	<step type="MSWait" name="preAuton" time="0.0" ctrl_name= "gen">
		<connect type="next" step="intake"/>
	</step>
<!-- first tote -->
	<step type="IntakePower" name="intake" left_pwr="1.0" right_pwr="1.0" ctrl_name="intake">
		<connect type="next" step="pickupTote"/>
	</step>

	<step type="MSSplit" name="pickupTote" start_macro="AutoSwallow2" ctrl_name="gen">
		<connect type="next" step="waitForTote"/>
	</step>
	
	<step type="MSWait" name="waitForTote" time="0.4" ctrl_name= "gen">
		<connect type="next" step="driveALittle"/>
	</step>
	
	<step type="MSDriveDistance" name="driveALittle" distance="-6.0" forward="15.0"
		tolerance="0.5" duration="5.0" desired="0.0" ctrl_name= "drive">
		<connect type="next" step="jiggleWiggle"/>
	</step>
		
	<step type="MSWait" name="jiggleWiggle" time="0.75" ctrl_name= "gen">
		<connect type="next" step="driveALittle2"/>
	</step>
	
	<step type="MSDriveDistance" name="driveALittle2" distance="20.0" forward="15.0"
		tolerance="0.5" duration="3.0" desired="0.0" ctrl_name= "drive">
		<connect type="next" step="jiggleWiggle2"/>
	</step>
		
	<step type="MSWait" name="jiggleWiggle2" time="0.05" ctrl_name= "gen">
		<connect type="next" step="driveForward"/>
	</step>
	
	<step type="MSDriveDistance" name="driveForward" distance="49.0" forward="55.0"
		tolerance="3.0" duration="6.0" desired="00.0" ctrl_name= "drive">
		<connect type="next" step="autonWait2"/>
	</step>

	<step type="MSWait" name="autonWait2" time="0.05" ctrl_name= "gen">
		<connect type="next" step="intake2"/>
	</step>
<!-- Second Tote -->

	<step type="IntakePower" name="intake2" left_pwr="1.0" right_pwr="1.0" ctrl_name="intake">
		<connect type="next" step="pickupTote2"/>
	</step>

	<step type="MSSplit" name="pickupTote2" start_macro="AutoSwallow2" ctrl_name="gen">
		<connect type="next" step="driveALittle3"/>
	</step>

	<step type="MSDriveDistance" name="driveALittle3" distance="3.0" forward="15.0"
		tolerance="0.5" duration="5.0" desired="0.0" ctrl_name= "drive">
		<connect type="next" step="jiggleWiggle3"/>
	</step>
		
	<step type="MSWait" name="jiggleWiggle3" time="1.325" ctrl_name= "gen">
		<connect type="next" step="driveALittle4"/>
	</step>
	
	<step type="MSDriveDistance" name="driveALittle4" distance="39.0" forward="15.5"
		tolerance="0.5" duration="7.0" desired="0.0" ctrl_name= "drive">
		<connect type="next" step="jiggleWiggle4"/>
	</step>
		
	<step type="MSWait" name="jiggleWiggle4" time="0.05" ctrl_name= "gen">
		<connect type="next" step="driveForward2"/>
	</step>
		
	<step type="MSDriveDistance" name="driveForward2" distance="40.0" forward="55.0"
		tolerance="3.0" duration="7.0" desired="00.0" ctrl_name= "drive">
		<connect type="next" step="autonWait4"/>
	</step>
	
	<step type="MSWait" name="autonWait4" time="0.05" ctrl_name= "gen">
		<connect type="next" step="intake3"/>
	</step>

<!-- Third Tote -->	

	<step type="IntakePower" name="intake3" left_pwr="1.0" right_pwr="1.0" ctrl_name="intake">
		<connect type="next" step="pickupTote3"/>
	</step>

	<step type="MSSplit" name="pickupTote3" start_macro="AutoSwallow3" ctrl_name="gen">
		<connect type="next" step="driveALittle5"/>
	</step>
	
	<step type="MSDriveDistance" name="driveALittle5" distance="20.0" forward="30.0"
		tolerance="0.5" duration="5.0" desired="0.0" ctrl_name= "drive">
		<connect type="next" step="jiggleWiggle5"/>
	</step>
		
	<step type="MSWait" name="jiggleWiggle5" time="0.05" ctrl_name= "gen">
		<connect type="next" step="driveALittle6"/>
	</step>
	
	<step type="MSDriveDistance" name="driveALittle6" distance="0.0" forward="17.5"
		tolerance="0.5" duration="3.0" desired="0.0" ctrl_name= "drive">
		<connect type="next" step="jiggleWiggle6"/>
	</step>
		
	<step type="MSWait" name="jiggleWiggle6" time="0.05" ctrl_name= "gen">
		<connect type="next" step="driveRotate6"/>
	</step>

<!-- Deposit in Auton Zone -->
	<step type="MSDriveRotate" name="driveRotate6" rotation="-90.0" 
		turn="20.0" tolerance="2.0" duration="5.0" ctrl_name= "drive">
		<connect type="next" step="autonWait6"/>
	</step>
	
	<step type="MSWait" name="autonWait6" time="0.05" ctrl_name= "gen">
		<connect type="next" step="driveFinal"/>
	</step>
		
	<step type="MSDriveDistance" name="driveFinal" distance="-114.0" forward="20.0"
		 tolerance="3.0" duration="9.0" desired="-90.0" ctrl_name= "drive">
		<connect type="next" step="autonWait7"/>
	</step>
	
	<step type="MSWait" name="autonWait7" time="0.05" ctrl_name= "gen">
		<connect type="next" step="driveRotate7"/>
	</step>
		
	<step type="MSDriveRotate" name="driveRotate7" rotation="-150.0" 
		turn="30.0" tolerance="2.0" duration="8.0" ctrl_name= "drive">
		<connect type="next" step="autonWait8"/>
	</step>
	
	<step type="MSWait" name="autonWait8" time="0.05" ctrl_name= "gen">
		<connect type="next" step="driveRotate8"/>
	</step>
		
	<step type="MSDriveRotate" name="driveRotate8" rotation="-150.0" 
		turn="30.0" tolerance="2.0" duration="2.0" ctrl_name= "drive">
		<connect type="next" step="finalDriveStop"/>
	</step>
		<!-- Stop -->
	<step type="MSDrivePower" name="finalDriveStop" forward="0.0" turn="0.0" ctrl_name= "drive">
	</step>
</macro>	