<?xml version="1.0"?>
<macro name= "Swallow Tote from floor">
	<connect type="head" step="waitTote1"/>
	<connect type="abort" step="abortStep"/>

		<step name="waitTote1" control="totelift" type="WaitForTote" tote_slot="1" duration="5.0">
			<connect type="true" step="liftDown" />
		</step>
<!--
		<step name="openJaws" control="intake" type="SetJawOpen" state="true">
			<connect type="next" step="liftDown" />
		</step>
-->
		<step name="liftDown" control="totelift" type="SetLiftPosition" 
			position="Pickup1" tolerance="0.6" duration ="2.5">
			<connect type="next" step="waitDown" />		
		</step>

		<step name="waitDown" control="gen" type="MSWait" time="0.05">
			<connect type="next" step="liftUp" />
		</step>
		
		<step name="liftUp" control="totelift" type="SetLiftPosition" 
			position="Intake1" tolerance="0.5" duration ="2.5">
			<connect type="next" step="intake" />
		</step>
<!--	
		<step name="closeJaws" control="intake" type="SetJawOpen" state="false">
			<connect type="next" step="waitClose"/>
		</step>

		<step name="waitClose" control="gen" type="MSWait" time="2.0">
			<connect type="next" step="intake" />
		</step>
-->		
		<step type="IntakePower" name="intake" left_pwr="1.0" right_pwr="1.0" ctrl_name="intake">
	</step>

		<step name="abortStep" control="totelift" type="ToteLiftPwr" lift_pwr="0.0">
	.	</step>

</macro>
