<?xml version="1.0"?>
<macro name= "Deploy Can Dom">
	<connect type="head" step="OpenLatch"/>
	<connect type="abort" step="abortStep"/>
-		<step name="OpenLatch" control="candom" type="OpenLatch" left_fire="true" right_fire="true" 
			race_fire="true">
			<connect type="next" step="waitDown"/>
		</step>
		<step name="waitDown" control="gen" type="MSWait" time="1.5">
			<connect type="next" step="moveForward" />
		</step>

		<step name="moveForward" control="drive" type="MSDriveDistance" distance="110.0" forward="180.0"
			       tolerance="10.0" duration="5.0" desired="0.0">
			<connect type="next" step="CloseLatch" />
		</step>
		<step name="CloseLatch" control="candom" type="OpenLatch" left_fire="false" right_fire="false" 
			race_fire="false">
			<connect type="next" step="waitBackward"/>
		</step>

		<step name="waitBackward" control="gen" type="MSWait" time="1.5">
			<connect type="next" step="moveBackward" />
		</step>

		<step name="moveBackward" control="drive" type="MSDriveDistance" distance="-25.0" forward="180.0"
			       tolerance="10.0" duration="5.0" desired="0.0">
			<connect type="next" step="waitArm" />
		</step>

		<step name="waitArm" control="gen" type="MSWait" time="1.5">
			<connect type="next" step="armUp" />
		</step>

		<step name="armUp" control ="candom" type = "SetWinchPower" winch_pwr="1.0" >
			<connect type="next" step="waitUp" />
		</step>

		<step name="waitUp" control="gen" type="MSWait" time="0.5">
			<connect type="next" step="armStop" />
		</step>

		<step name="armStop" control ="candom" type = "SetWinchPower" winch_pwr="0.0" >
			<connect type="next" step="abortStep" />
		</step>

		<step name="abortStep" control="drive" type="MSDrivePower" forward="0.0" turn="0.0">
	.	</step>
</macro>
