<?xml version="1.0"?>
<macro name= "Beach">
	<connect type="head" step="openJaws"/>
	<connect type="abort" step="abortStep"/>

		<step name="openJaws" control="intake" type="SetJawOpen" state="true">
			<connect type="next" step="liftDown" />
		</step>
		
		<step name="liftDown" control="totelift" type="SetLiftPosition" position="Pickup1">
			<connect type="next" step="autonWait" />		
		</step>
		
		<step type="MSWait" name="autonWait" time="0.0" ctrl_name= "gen">
			<connect type="next" step="007"/>
		</step>
		
		<step name="007" control="canlift" type="Open007" open="true">
			<connect type="next" step="autonWait2" />	
		</step>

		<step type="MSWait" name="autonWait2" time="0.5" ctrl_name= "gen">
			<connect type="next" step="pincer"/>
		</step>

		<step name="pincer" control="canlift" type="OpenPincher" open="true">
		<!--	<connect type="next" step="waitDown" />	-->	
		</step>
		
		
<!--		
		<step name="liftUp" control="totelift" type="SetLiftPosition" position="LowDrive">
			<connect type="next" step="closeJaws" />
		</step>
<!--	
		<step name="closeJaws" control="intake" type="SetJawOpen" state="false">
		</step>
-->
		<step name="abortStep" control="totelift" type="ToteLiftPwr" lift_pwr="0.0">
		</step>

</macro>
