<?xml version="1.0"?>
<macro name= "Clear Lift">
	<connect type="head" step="intake"/>
	<connect type="abort" step="abortStep"/>

		<step type="IntakePower" name="intake" left_pwr="1.0" right_pwr="1.0" ctrl_name="intake">
			<connect type="next" step="liftUp" />
		</step>
		
		<step name="liftUp" control="totelift" type="SetLiftPosition" position="Intake1" duration="4.0">
			<!--<connect type="next" step="closeJaws" />-->		
		</step>
		
		<step name="abortStep" control="totelift" type="ToteLiftPwr" lift_pwr="0.0">
		</step>
</macro>