<?xml version="1.0"?>
<macro name= "Safe Tote Eject">
	<connect type="head" step="open007"/>
	
		<step name="open007" control="canlift" type="Open007" open="true">
			<connect type="next" step="pincer" />
		</step>

		<step name="pincer" control="canlift" type="OpenPincher" open="true">
			<connect type="next" step="waitOpen" />	
		</step>
		
		<step name="waitOpen" control="gen" type="MSWait" time="0.3">
			<connect type="next" step="eject" />		
		</step>
		
		<step name="eject" control="totelift" type="Eject"  duration="1.0">
		</step>

</macro>
