<?xml version="1.0"?>
<macro name= "Swallow Tote Then Drive">
	<connect type="head" step="liftDown"/>
	<connect type="abort" step="abortStep"/>
<!--
		<step name="openJaws" control="intake" type="SetJawOpen" state="true">
			<connect type="next" step="liftDown" />
		</step>
-->
		<step name="liftDown" control="totelift" type="SetLiftPosition" position="Pickup1">
			<connect type="next" step="waitDown" />		
		</step>
		
		<step name="waitDown" control="gen" type="MSWait" time="0.05">
			<connect type="next" step="liftUp" />		
		</step>
		
		<step name="liftUp" control="totelift" type="SetLiftPosition" position="LowDrive">
<!--			<connect type="next" step="closeJaws" />-->
		</step>
<!--	
		<step name="closeJaws" control="intake" type="SetJawOpen" state="false">
		</step>
-->
		<step name="abortStep" control="totelift" type="ToteLiftPwr" lift_pwr="0.0">
		</step>

</macro>
