<?xml version="1.0"?>
<macro name= "Swallow Can To BotLimit">
	<connect type="head" step="pincerOpen"/>
	<connect type="abort" step="abortStep"/>
<!--
		<step name="openJaws" control="intake" type="SetJawOpen" state="true">
			<connect type="next" step="liftDown" />
		</step>
-->
		<step name="pincerOpen" control="canlift" type="OpenPincher" open="true">
			<connect type="next" step="liftDown" />
		</step>

		<step name="liftDown" control="totelift" type="SetLiftPosition" position="BotLimit">	
		</step>

		<step name="abortStep" control="totelift" type="ToteLiftPwr" lift_pwr="0.0">
		</step>

</macro>
