<?xml version="1.0"?>
<macro name= "Swallow Tote From HP">
	<connect type="head" step="liftDown"/>
<!--	
		<step name="checkMode" control="totelift" type="MSToteLiftCheckMode" mode="false">
			<connect type="true" step="waitTote1" />
			<connect type="false" step="liftDown" />
		</step>

		<step name="waitTote1" control="totelift" type="WaitForTote" tote_slot="1" duration="5.0">
			<connect type="true" step="liftDown" />
		</step>
-->
		<step name="liftDown" control="totelift" type="SetLiftPosition" position="Pickup2">
			<connect type="next" step="waitDown" />		
		</step>
		
		<step name="waitDown" control="gen" type="MSWait" time="0.05">
			<connect type="next" step="liftUp1" />		
		</step>
		
		<step name="liftUp1" control="totelift" type="SetLiftPosition" position="5Stack007" duration="3.0">
			<connect type="next" step="open007" />		
		</step>
		
		<step name="open007" control="canlift" type="Open007" open="true">
			<connect type="next" step="liftUp2" />
		</step>
		
		<step name="liftUp2" control="totelift" type="SetLiftPosition" position="Intake3" duration="3.0">
		</step>

</macro>
