<?xml version="1.0"?>
<macro name= "Swallow Tote from floor">
	<connect type="head" step="pincerOpen"/>
	<connect type="abort" step="abortStep"/>

		<step name="pincerOpen" control="canlift" type="OpenPincher" open="true">
			<connect type="next" step="intake" />
		</step>

		<step name="intake" control="intake" type="IntakePower" left_pwr="1.0" right_pwr="1.0">
			<connect type="next" step="open007" />
		</step>
		
		<step name="open007" control="canlift" type="Open007" open="true">
			<connect type="next" step="liftDown" />
		</step>
		
			<step name="liftDown" control="totelift" type="SetLiftPosition" position="Pickup1">
			<connect type="next" step="liftDown2" />		
		</step>

		<!-- do Pickup1 first to avoid slamming into the limit -->
		<step name="liftDown2" control="totelift" type="SetLiftPosition" position="BotLimit" tolerance="2.0" duration="4.0">
			<connect type="next" step="pincerClose" />		
		</step>

		<step name="pincerClose" control="canlift" type="OpenPincher" open="false">
			<connect type="next" step="waitDown" />
		</step>

		<step name="waitDown" control="gen" type="MSWait" time="0.05">
			<connect type="next" step="openJaws" />
		</step>
		
		<step name="openJaws" control="intake" type="SetJawOpen" state="true">
			<connect type="next" step="waitOpen" />
		</step>
		
		<step name="waitOpen" control="gen" type="MSWait" time="0.5">
			<connect type="next" step="liftUp" />
		</step>
		
		<step name="liftUp" control="totelift" type="SetLiftPotPosition" position="28.0">
			<connect type="next" step="closeJaws" />
		</step>

		<step name="closeJaws" control="intake" type="SetJawOpen" state="false">
		</step>

<!--
		<step name="prepIntake" control="totelift" type="SetLiftPosition" position="Intake2">
		</step>
-->
		<step name="abortStep" control="totelift" type="ToteLiftPwr" lift_pwr="0.0">
	.	</step>

</macro>
