<?xml version="1.0"?>
<macro name= "Swallow Tote From HP">
	<connect type="head" step="liftDown"/>
	<connect type="abort" step="closeJaws"/>
<!--	
		<step name="checkMode" control="totelift" type="MSToteLiftCheckMode" mode="false">
			<connect type="true" step="waitTote1" />
			<connect type="false" step="liftDown" />
		</step>

		<step name="waitTote1" control="totelift" type="WaitForTote" tote_slot="1" duration="5.0">
			<connect type="true" step="liftDown" />
		</step>
-->
		<step name="liftDown" control="totelift" type="SetLiftPosition" position="Pickup2">
			<connect type="next" step="waitDown" />		
		</step>
		
		<step name="waitDown" control="gen" type="MSWait" time="0.05">
			<connect type="next" step="liftUp" />		
		</step>
		
		<step name="liftUp" control="totelift" type="SetLiftPosition" position="Intake3" duration="4.0">
		<!--	<connect type="next" step="closeJaws" />-->		
		</step>
		<!--
		<step name="closeJaws" control="intake" type="SetJawOpen" state="false">
		</step>
		-->

</macro>
