<?xml version="1.0"?>
<macro name= "Deploy Can Dom">
	<connect type="head" step="OpenLatch"/>
	<connect type="abort" step="abortStep"/>
-		<step name="OpenLatch" control="candom" type="OpenLatch" left_fire="true" right_fire="true" 
			race_fire="true">
			<connect type="next" step="waitDown"/>
		</step>
		<step name="waitDown" control="gen" type="MSWait" time="1">
			<connect type="next" step="moveForward" />
		</step>
		<step name="moveForward" control="drive" type="MSDriveDistance" distance="50.0" forward="200.0"
			       tolerance="10.0" duration="5.0" desired="0.0">
			<connect type="next" step="abortStep" />
		</step>
		<step name="abortStep" control="drive" type="MSDrivePower" forward="0.0" turn="0.0">
	.	</step>
</macro>
