<?xml version="1.0"?>
<macro name= "Left, Hot Goal, Move In, Shoot">
	<connect type="head" step="driveRotate2"/>
	<connect type="abort" step="finalDriveStop"/>
	
	<step type="MSDriveRotate" name="driveRotate2" rotation="-30.0" forward="0.0"
		turn="0.0" tolerance="1.0" duration="5.0" ctrl_name="drive">
		<connect type="next" step="autonWait"/>
	</step>
	
	<step type="MSWait" name="autonWait" time="1.0" ctrl_name="gen">
		<connect type="next" step="driveRotate3"/>
	</step>

	<step type="MSDriveRotate" name="driveRotate3" rotation="0.0" forward="0.0"
		turn="0.0" tolerance="1.0" duration="5.0" ctrl_name="drive">
		<connect type="next" step="driveForward"/>
	</step>

	<step type="MSDriveDistance" name="driveForward" distance="24.0" forward="0.3"
		turn="0.0" tolerance="0.5" duration="5.0" ctrl_name="drive">
		<connect type="next" step="finalDriveStop"/>
	</step>

	<step type="MSDrivePower" name="finalDriveStop" forward="0.0" turn="0.0" ctrl_name="drive">
	</step>

</macro>