<?xml version="1.0"?>
<macro name= "3 Totes Stacked In Auton Zone">
	<connect type="head" step="preAuton"/>
	<connect type="abort" step="jiggleWiggle2"/>
<!-- wait in Auton -->
	<step type="MSWait" name="preAuton" time="0.0" ctrl_name= "gen">
		<connect type="next" step="intake"/>
	</step>
<!-- first tote -->
	<step type="IntakePower" name="intake" left_pwr="1.0" right_pwr="1.0" ctrl_name="intake">
		<connect type="next" step="driveALittle"/>
	</step>

	<step type="MSDriveDistance" name="driveALittle" distance="10.0" forward="40.0"
		tolerance="0.5" duration="3.0" desired="0.0" ctrl_name= "drive">
		<connect type="next" step="jiggleWiggle"/>
	</step>

	<step type="MSWait" name="jiggleWiggle" time="0.05" ctrl_name= "gen">
		<connect type="next" step="driveALittle2"/>
	</step>
	
	<step type="MSDriveDistance" name="driveALittle2" distance="-10.0" forward="40.0"
		tolerance="0.5" duration="3.0" desired="0.0" ctrl_name= "drive">
		<connect type="next" step="pickupTote"/>
	</step>
<!--		
		<step name="openJaws" control="intake" type="SetJawOpen" state="true">
			<connect type="next" step="liftDown" />
		</step>

		<step name="liftDown" control="totelift" type="SetLiftPosition" position="Pickup1">
			<connect type="next" step="waitDown" />		
		</step>
		
		<step name="waitDown" control="gen" type="MSWait" time="0.05">
			<connect type="next" step="liftUp" />
		</step>

		<step name="liftUp" control="totelift" type="SetLiftPosition" position="Intake1">
			<connect type="next" step="closeJaws" />
		</step>
	
		<step name="closeJaws" control="intake" type="SetJawOpen" state="false">
			<connect type="next" step="jiggleWiggle3" />
		</step>
-->

	<step type="MSSplit" name="pickupTote" start_macro="AutoSwallow1" ctrl_name="gen">
		<connect type="next" step="jiggleWiggle3"/>
	</step>

	<step type="MSWait" name="jiggleWiggle3" time="0.05" ctrl_name= "gen">
		<connect type="next" step="driveALot"/>
	</step>
	
	<step type="MSDriveDistance" name="driveALot" distance="100.0" forward="100.0"
		tolerance="0.5" duration="3.0" desired="0.0" ctrl_name= "drive">
		<connect type="next" step="jiggleWiggle2"/>
	</step>
	
	<step type="MSWait" name="jiggleWiggle2" time="2.0" ctrl_name= "gen">
	</step>
	
</macro>
