<?xml version="1.0"?>
<macro name= "3 Totes Stacked In Auton Zone">
	<connect type="head" step="intake"/>
	<connect type="abort" step="finalDriveStop"/>
<!-- first tote -->
	<step type="IntakePower" name="intake" left_pwr="1.0" right_pwr="1.0" ctrl_name="intake">
		<connect type="next" step="pickupTote"/>
	</step>

	<step type="MSSplit" name="pickupTote" start_macro="AutoSwallow1" ctrl_name="gen">
		<connect type="next" step="driveALittle"/>
	</step>

	<step type="MSDriveDistance" name="driveALittle" distance="10.0" forward="60.0"
		tolerance="0.5" duration="3.0" desired="0.0" ctrl_name= "drive">
		<connect type="next" step="driveALittle2"/>
	</step>

	<step type="MSDriveDistance" name="driveALittle2" distance="-25.0" forward="50.0"
		tolerance="0.5" duration="3.0" desired="0.0" ctrl_name= "drive">
		<connect type="next" step="driveRotate2"/>
	</step>

	<step type="MSDriveRotate" name="driveRotate2" rotation="30.0" 
		turn="80.0" tolerance="1.0" duration="3.0" ctrl_name= "drive">
		<connect type="next" step="driveForward"/>
	</step>

	<step type="MSDriveDistance" name="driveForward" distance="92.0" forward="90.0"
		tolerance="1.0" duration="5.0" desired="30.0" ctrl_name= "drive">
		<connect type="next" step="driveRotate3"/>
	</step>

	<step type="MSDriveRotate" name="driveRotate3" rotation="0.0" 
		turn="80.0" tolerance="1.0" duration="3.0" ctrl_name= "drive">
		<connect type="next" step="driveALittle3"/>
	</step>

	<!-- Second Tote -->

	<step type="MSDriveDistance" name="driveALittle3" distance="25.0" forward="60.0"
		tolerance="0.5" duration="3.0" desired="0.0" ctrl_name= "drive">
		<connect type="next" step="driveALittle4"/>
	</step>
	
	<step type="MSDriveDistance" name="driveALittle4" distance="-25.0" forward="50.0"
		tolerance="0.5" duration="3.0" desired="0.0" ctrl_name= "drive">
		<connect type="next" step="pickupTote2"/>
	</step>
			
	<step type="MSSplit" name="pickupTote2" start_macro="AutoSwallow1" ctrl_name="gen">
		<connect type="next" step="driveRotate4"/>
	</step>
	
	<step type="MSDriveRotate" name="driveRotate4" rotation="30.0" 
		turn="80.0" tolerance="1.0" duration="3.0" ctrl_name= "drive">
		<connect type="next" step="driveForward2"/>
	</step>

	<step type="MSDriveDistance" name="driveForward2" distance="89.0" forward="90.0"
		tolerance="1.0" duration="7.0" desired="30.0" ctrl_name= "drive">
		<connect type="next" step="driveRotate5"/>
	</step>
	
	<step type="MSDriveRotate" name="driveRotate5" rotation="0.0" 
		turn="80.0" tolerance="1.0" duration="3.0" ctrl_name= "drive">
		<connect type="next" step="driveALittle5"/>
	</step>


<!-- Third Tote -->	

	<step type="MSDriveDistance" name="driveALittle5" distance="30.0" forward="60.0"
		tolerance="0.5" duration="3.0" desired="0.0" ctrl_name= "drive">
		<connect type="next" step="driveALittle6"/>
	</step>
	
	<step type="MSDriveDistance" name="driveALittle6" distance="-20.0" forward="60.0"
		tolerance="0.5" duration="3.0" desired="0.0" ctrl_name= "drive">
		<connect type="next" step="pickupTote3"/>
	</step>

	<step type="MSSplit" name="pickupTote3" start_macro="AutoSwallow3" ctrl_name="gen">
		<connect type="next" step="jiggleWiggle6"/>
	</step>
	
	<step type="MSWait" name="jiggleWiggle6" time="0.3" ctrl_name= "gen">
		<connect type="next" step="driveRotate6"/>
	</step>

<!-- Deposit in Auton Zone -->		
	<step type="MSDriveRotate" name="driveRotate6" rotation="-60.0" 
		turn="100.0" tolerance="2.0" duration="5.0" ctrl_name= "drive">
		<connect type="next" step="driveFinal"/>
	</step>
		
	<step type="MSDriveDistance" name="driveFinal" distance="-85.0" forward="100.0"
		 tolerance="3.0" duration="9.0" desired="-60.0" ctrl_name= "drive">
		<connect type="next" step="open007"/>
	</step>
	
	<step name="open007" type="Open007" ctrl_name="canlift" open="true">
		<connect type="next" step="pincer"/>
	</step>
	
	<step name="pincer" type="OpenPincher" ctrl_name="canlift" open="true">
		<connect type="next" step="pickupTote4"/>
	</step>
	
	<step type="MSSplit" name="pickupTote4" start_macro="AutoSwallow4" ctrl_name="gen">
		<connect type="next" step="driveFinal2"/>
	</step>
	
		
	<step type="MSDriveDistance" name="driveFinal2" distance="-30.0" forward="100.0"
		 tolerance="3.0" duration="9.0" desired="-60.0" ctrl_name= "drive">
		<connect type="next" step="finalDriveStop"/>
	</step>

	<!-- Stop -->
	<step type="MSDrivePower" name="finalDriveStop" forward="0.0" turn="0.0" ctrl_name= "drive">
	</step>

</macro>
