<?xml version="1.0"?>
<macro name= "Move In, Shoot">
	<connect type="head" step="preAuton"/>
	<connect type="abort" step="finalDriveStop"/>
<!-- wait in Auton -->
	<step type="MSWait" name="preAuton" time="0.0" ctrl_name= "gen">
		<connect type="next" step="driveALittle"/>
	</step>
<!-- first tote -->
	<step type="MSDriveDistance" name="driveALittle" distance="10.0" forward="60.0"
		turn="0.0" tolerance="0.5" duration="1.0" desired="0.0" ctrl_name= "drive">
		<connect type="next" step="jiggleWiggle"/>
	</step>
		
	<step type="MSWait" name="jiggleWiggle" time="0.125" ctrl_name= "gen">
		<connect type="next" step="driveALittle2"/>
	</step>
	
	<step type="MSDriveDistance" name="driveALittle2" distance="-10.0" forward="60.0"
		turn="0.0" tolerance="0.5" duration="1.0" desired="0.0" ctrl_name= "drive">
		<connect type="next" step="jiggleWiggle2"/>
	</step>
		
	<step type="MSWait" name="jiggleWiggle2" time="0.125" ctrl_name= "gen">
		<connect type="next" step="driveRotate2"/>
	</step>
	
	<step type="MSDriveRotate" name="driveRotate2" rotation="30.0" forward="0.0"
		turn="0.002" tolerance="1.0" duration="1.0" ctrl_name= "drive">
		<connect type="next" step="autonWait"/>
	</step>
	
	<step type="MSWait" name="autonWait" time="0.125" ctrl_name= "gen">
		<connect type="next" step="driveForward"/>
	</step>

	<step type="MSDriveDistance" name="driveForward" distance="79.0" forward="120.0"
		turn="0.0" tolerance="3.0" duration="2.0" desired="30.0" ctrl_name= "drive">
		<connect type="next" step="driveRotate3"/>
	</step>

	<step type="MSDriveRotate" name="driveRotate3" rotation="0.0" forward="0.0"
		turn="0.002" tolerance="1.0" duration="1.0" ctrl_name= "drive">
		<connect type="next" step="autonWait2"/>
	</step>
	
	<step type="MSWait" name="autonWait2" time="0.125" ctrl_name= "gen">
		<connect type="next" step="driveALittle3"/>
	</step>
<!-- Second Tote -->
	<step type="MSDriveDistance" name="driveALittle3" distance="10.0" forward="60.0"
		turn="0.0" tolerance="0.5" duration="1.0" desired="0.0" ctrl_name= "drive">
		<connect type="next" step="jiggleWiggle3"/>
	</step>
		
	<step type="MSWait" name="jiggleWiggle3" time="0.125" ctrl_name= "gen">
		<connect type="next" step="driveALittle4"/>
	</step>
	
	<step type="MSDriveDistance" name="driveALittle4" distance="-10.0" forward="60.0"
		turn="0.0" tolerance="0.5" duration="1.0" desired="0.0" ctrl_name= "drive">
		<connect type="next" step="jiggleWiggle4"/>
	</step>
		
	<step type="MSWait" name="jiggleWiggle4" time="0.125" ctrl_name= "gen">
		<connect type="next" step="driveRotate4"/>
	</step>
		
	<step type="MSDriveRotate" name="driveRotate4" rotation="30.0" forward="0.0"
		turn="0.002" tolerance="1.0" duration="1.0" ctrl_name= "drive">
		<connect type="next" step="autonWait3"/>
	</step>
	
	<step type="MSWait" name="autonWait3" time="0.125" ctrl_name= "gen">
		<connect type="next" step="driveForward2"/>
	</step>
	
	<step type="MSDriveDistance" name="driveForward2" distance="88.0" forward="120.0"
		turn="0.0" tolerance="2.0" duration="3.0" desired="30.0" ctrl_name= "drive">
		<connect type="next" step="autonWait4"/>
	</step>
	
	<step type="MSWait" name="autonWait4" time="0.125" ctrl_name= "gen">
		<connect type="next" step="driveRotate5"/>
	</step>
	
	<step type="MSDriveRotate" name="driveRotate5" rotation="0.0" forward="0.0"
		turn="0.002" tolerance="1.0" duration="1.0" ctrl_name= "drive">
		<connect type="next" step="autonWait5"/>
	</step>
	
	<step type="MSWait" name="autonWait5" time="0.125" ctrl_name= "gen">
		<connect type="next" step="driveALittle5"/>
	</step>

<!-- Third Tote -->	

	<step type="MSDriveDistance" name="driveALittle5" distance="10.0" forward="60.0"
		turn="0.0" tolerance="0.5" duration="1.0" desired="0.0" ctrl_name= "drive">
		<connect type="next" step="jiggleWiggle5"/>
	</step>
		
	<step type="MSWait" name="jiggleWiggle5" time="0.125" ctrl_name= "gen">
		<connect type="next" step="driveALittle6"/>
	</step>
	
	<step type="MSDriveDistance" name="driveALittle6" distance="-10.0" forward="60.0"
		turn="0.0" tolerance="0.5" duration="1.0" desired="0.0" ctrl_name= "drive">
		<connect type="next" step="jiggleWiggle6"/>
	</step>
		
	<step type="MSWait" name="jiggleWiggle6" time="0.125" ctrl_name= "gen">
		<connect type="next" step="driveRotate6"/>
	</step>
		
<!-- Deposit in Auton Zone -->		
	<step type="MSDriveRotate" name="driveRotate6" rotation="-90.0" forward="0.0"
		turn="0.0" tolerance="2.0" duration="2.0" ctrl_name= "drive">
		<connect type="next" step="autonWait6"/>
	</step>
	
	<step type="MSWait" name="autonWait6" time="0.125" ctrl_name= "gen">
		<connect type="next" step="driveFinal"/>
	</step>
		
	<step type="MSDriveDistance" name="driveFinal" distance="-144.0" forward="150.0"
		turn="0.0" tolerance="3.0" duration="3.0" desired="-90.0" ctrl_name= "drive">
		<connect type="next" step="autonWait7"/>
	</step>
	
	<step type="MSWait" name="autonWait7" time="0.125" ctrl_name= "gen">
		<connect type="next" step="driveRotate7"/>
	</step>
		
	<step type="MSDriveRotate" name="driveRotate7" rotation="-150.0" forward="0.0"
		turn="0.0" tolerance="2.0" duration="2.0" ctrl_name= "drive">
		<connect type="next" step="autonWait8"/>
	</step>
	
	<step type="MSWait" name="autonWait8" time="0.1" ctrl_name= "gen">
		<connect type="next" step="driveRotate8"/>
	</step>
		
	<step type="MSDriveRotate" name="driveRotate8" rotation="-150.0" forward="0.0"
		turn="0.0" tolerance="2.0" duration="2.0" ctrl_name= "drive">
		<connect type="next" step="finalDriveStop"/>
	</step>
<!--	
	<step type="MSDrivePower" name="arcsOnArcsOnArcs" forward="-1.0" turn="-0.5">
		<connect type="next" step="autonWaitLast"/>
	</step>
			
	<step type="MSWait" name="autonWaitLast" time="1.0">
		<connect type="next" step="finalDriveStop"/>
	</step>
-->
	<!-- Stop -->
	<step type="MSDrivePower" name="finalDriveStop" forward="0.0" turn="0.0" ctrl_name= "drive">
	</step>

</macro>
