<?xml version="1.0"?>
<macro name= "Deploy Can Dom">
	<connect type="head" step="openLatch"/>
	<connect type="abort" step="abortStep"/>
-		<step name="openLatch" control="canDom" type="OpenLatch" left_fire="true" right_fire="true">
			<connect type="next" step="waitDown"/>
		</step>
		<step name="waitDown" control="gen" type="MSWait" time="1.0">
			<connect type="next" step="moveForward" />
		</step>
		<step name="moveForward" control="drive" type="MSDriveDistance" distance="40.0" forward="0.75"
			       tolerance="10.0" duration="5.0" desired="0.0">
		</step>
		<step name="abortStep" control="drive" type="MSDrivePower" forward="0.0" turn="0.0">
	.	</step>
</macro>
