<?xml version="1.0"?>
<macro name= "Swallow Tote from landfill">
	<connect type="head" step="checkMode"/>
	<connect type="abort" step="abortStep"/>

		<step name="checkMode" control="totelift" type="MSToteLiftCheckMode" mode="true">
			<connect type="true" step="waitTote1" />
			<connect type="false" step="end" />
		</step>

		<step name="waitTote1" control="totelift" type="WaitForTote" tote_slot="1" duration="0.5">
			<connect type="true" step="liftDown" />
			<connect type="false" step="checkMode" />
		</step>

		<step name="liftDown" control="totelift" type="SetLiftPosition" position="Pickup1">
			<connect type="next" step="waitDown" />		
		</step>

		<step name="waitDown" control="gen" type="MSWait" time="0.05">
			<connect type="next" step="liftUp" />
		</step>
		
		<step name="liftUp" control="totelift" type="SetLiftPosition" position="Intake1">
			<connect type="next" step="open007" />
		</step>
		
		<step name="open007" control="canlift" type="Open007" open="false">
			<connect type="next" step="checkMode" />
		</step>
		
-		<step name="end" control="gen" type="MSWait" time="0.01">
		</step>
		
		<step name="abortStep" control="totelift" type="ToteLiftPwr" lift_pwr="0.0">
	.	</step>

</macro>
