<xml version="1.0">
<dashboard>
	<widget field="Macros Running:" type="Number" class="edu.wpi.first.smartdashboard.gui.elements.TextBox">
		<location x="497" y="147"/>
	</widget>
	<widget field="Macro Starts:" type="Number" class="edu.wpi.first.smartdashboard.gui.elements.TextBox">
		<location x="497" y="126"/>
	</widget>
	<widget field="Macro Completes:" type="Number" class="edu.wpi.first.smartdashboard.gui.elements.TextBox">
		<location x="666" y="84"/>
	</widget>
	<widget field="Macro Aborts:" type="Number" class="edu.wpi.first.smartdashboard.gui.elements.TextBox">
		<location x="497" y="105"/>
	</widget>
	<widget field="Config Loads" type="Number" class="edu.wpi.first.smartdashboard.gui.elements.TextBox">
		<location x="506" y="21"/>
	</widget>
	<widget field="Auton Description" type="String" class="edu.wpi.first.smartdashboard.gui.elements.TextBox">
		<location x="663" y="63"/>
	</widget>
	<widget field="Auton Delay" type="Number" class="edu.wpi.first.smartdashboard.gui.elements.TextBox">
		<location x="176" y="399"/>
	</widget>
	<widget field="Auton Selected" type="Number" class="edu.wpi.first.smartdashboard.gui.elements.TextBox">
		<location x="506" y="84"/>
	</widget>
	<widget field="Auton Enabled" type="Boolean" class="edu.wpi.first.smartdashboard.gui.elements.TextBox">
		<location x="506" y="63"/>
	</widget>
	<widget field="  Compressor Current" type="Number" class="edu.wpi.first.smartdashboard.gui.elements.TextBox">
		<location x="664" y="42"/>
	</widget>
	<widget field="  Compressor On" type="Boolean" class="edu.wpi.first.smartdashboard.gui.elements.TextBox">
		<location x="497" y="42"/>
	</widget>
	<widget field="  Compressor Ready" type="Boolean" class="edu.wpi.first.smartdashboard.gui.elements.TextBox">
		<location x="658" y="21"/>
	</widget>
	<widget field="CL cycles: " type="Number" class="edu.wpi.first.smartdashboard.gui.elements.TextBox">
		<location x="174" y="378"/>
	</widget>
	<widget field="Can Lift: " type="Boolean" class="edu.wpi.first.smartdashboard.gui.elements.TextBox">
		<location x="146" y="357"/>
	</widget>
	<widget field="CD winch power: " type="Number" class="edu.wpi.first.smartdashboard.gui.elements.TextBox">
		<location x="658" y="0"/>
	</widget>
	<widget field="CD winch targ: " type="Number" class="edu.wpi.first.smartdashboard.gui.elements.TextBox">
		<location x="497" y="0"/>
	</widget>
	<widget field="CD pos targ: " type="Number" class="edu.wpi.first.smartdashboard.gui.elements.TextBox">
		<location x="327" y="462"/>
	</widget>
	<widget field="CD race sol cmd: " type="Boolean" class="edu.wpi.first.smartdashboard.gui.elements.TextBox">
		<location x="327" y="441"/>
	</widget>
	<widget field="CD r sol cmd: " type="Boolean" class="edu.wpi.first.smartdashboard.gui.elements.TextBox">
		<location x="327" y="420"/>
	</widget>
	<widget field="CD l sol cmd: " type="Boolean" class="edu.wpi.first.smartdashboard.gui.elements.TextBox">
		<location x="327" y="399"/>
	</widget>
	<widget field="CD race sol targ: " type="Boolean" class="edu.wpi.first.smartdashboard.gui.elements.TextBox">
		<location x="327" y="378"/>
	</widget>
	<widget field="CD r sol targ: " type="Boolean" class="edu.wpi.first.smartdashboard.gui.elements.TextBox">
		<location x="327" y="357"/>
	</widget>
	<widget field="CD l sol targ: " type="Boolean" class="edu.wpi.first.smartdashboard.gui.elements.TextBox">
		<location x="327" y="336"/>
	</widget>
	<widget field="CD left active: " type="Boolean" class="edu.wpi.first.smartdashboard.gui.elements.TextBox">
		<location x="327" y="315"/>
	</widget>
	<widget field="CD right active: " type="Boolean" class="edu.wpi.first.smartdashboard.gui.elements.TextBox">
		<location x="327" y="294"/>
	</widget>
	<widget field="CD arm pos: " type="Number" class="edu.wpi.first.smartdashboard.gui.elements.TextBox">
		<location x="327" y="273"/>
	</widget>
	<widget field="CD pot raw: " type="Number" class="edu.wpi.first.smartdashboard.gui.elements.TextBox">
		<location x="327" y="252"/>
	</widget>
	<widget field="CD pot ready: " type="Boolean" class="edu.wpi.first.smartdashboard.gui.elements.TextBox">
		<location x="327" y="231"/>
	</widget>
	<widget field="CD top r lim: " type="Boolean" class="edu.wpi.first.smartdashboard.gui.elements.TextBox">
		<location x="327" y="210"/>
	</widget>
	<widget field="CD top l lim: " type="Boolean" class="edu.wpi.first.smartdashboard.gui.elements.TextBox">
		<location x="327" y="189"/>
	</widget>
	<widget field="CD closed loop: " type="Boolean" class="edu.wpi.first.smartdashboard.gui.elements.TextBox">
		<location x="327" y="168"/>
	</widget>
	<widget field="CD cycles: " type="Number" class="edu.wpi.first.smartdashboard.gui.elements.TextBox">
		<location x="146" y="336"/>
	</widget>
	<widget field="Can Dom: " type="Boolean" class="edu.wpi.first.smartdashboard.gui.elements.TextBox">
		<location x="148" y="294"/>
	</widget>
	<widget field="TL Current: " type="Number" class="edu.wpi.first.smartdashboard.gui.elements.TextBox">
		<location x="146" y="273"/>
	</widget>
	<widget field="TL Stall: " type="Boolean" class="edu.wpi.first.smartdashboard.gui.elements.TextBox">
		<location x="146" y="252"/>
	</widget>
	<widget field="TL Eject: " type="Boolean" class="edu.wpi.first.smartdashboard.gui.elements.TextBox">
		<location x="146" y="231"/>
	</widget>
	<widget field="TL Cmd Pwr: " type="Number" class="edu.wpi.first.smartdashboard.gui.elements.TextBox">
		<location x="327" y="147"/>
	</widget>
	<widget field="TL Trg Pwr: " type="Number" class="edu.wpi.first.smartdashboard.gui.elements.TextBox">
		<location x="146" y="210"/>
	</widget>
	<widget field="TL Trg Name: " type="String" class="edu.wpi.first.smartdashboard.gui.elements.TextBox">
		<location x="327" y="126"/>
	</widget>
	<widget field="TL Trg Pos: " type="Number" class="edu.wpi.first.smartdashboard.gui.elements.TextBox">
		<location x="146" y="189"/>
	</widget>
	<widget field="TL Act Pos: " type="Number" class="edu.wpi.first.smartdashboard.gui.elements.TextBox">
		<location x="146" y="168"/>
	</widget>
	<widget field="TL Raw Pos: " type="Number" class="edu.wpi.first.smartdashboard.gui.elements.TextBox">
		<location x="327" y="105"/>
	</widget>
	<widget field="TL Pot Ready: " type="Boolean" class="edu.wpi.first.smartdashboard.gui.elements.TextBox">
		<location x="327" y="84"/>
	</widget>
	<widget field="TL Tote 2: " type="Boolean" class="edu.wpi.first.smartdashboard.gui.elements.TextBox">
		<location x="146" y="147"/>
	</widget>
	<widget field="TL Tote 1: " type="Boolean" class="edu.wpi.first.smartdashboard.gui.elements.TextBox">
		<location x="146" y="126"/>
	</widget>
	<widget field="TL Bot Lim: " type="Boolean" class="edu.wpi.first.smartdashboard.gui.elements.TextBox">
		<location x="146" y="105"/>
	</widget>
	<widget field="TL Top Lim: " type="Boolean" class="edu.wpi.first.smartdashboard.gui.elements.TextBox">
		<location x="146" y="84"/>
	</widget>
	<widget field="TL Cl Loop: " type="Boolean" class="edu.wpi.first.smartdashboard.gui.elements.TextBox">
		<location x="146" y="63"/>
	</widget>
	<widget field="TL Cycles: " type="Number" class="edu.wpi.first.smartdashboard.gui.elements.TextBox">
		<location x="146" y="42"/>
	</widget>
	<widget field="  Tote Lift " type="Boolean" class="edu.wpi.first.smartdashboard.gui.elements.TextBox">
		<location x="146" y="21"/>
	</widget>
	<widget field="Intake_JawPot_R" type="Number" class="edu.wpi.first.smartdashboard.gui.elements.TextBox">
		<location x="327" y="63"/>
	</widget>
	<widget field="Intake_JawPot_L" type="Number" class="edu.wpi.first.smartdashboard.gui.elements.TextBox">
		<location x="327" y="42"/>
	</widget>
	<widget field="In_JawDesiredCmd" type="Boolean" class="edu.wpi.first.smartdashboard.gui.elements.TextBox">
		<location x="327" y="21"/>
	</widget>
	<widget field="In_PtoActiveCmd" type="Boolean" class="edu.wpi.first.smartdashboard.gui.elements.TextBox">
		<location x="327" y="0"/>
	</widget>
	<widget field="In_MotorCurrent_R" type="Number" class="edu.wpi.first.smartdashboard.gui.elements.TextBox">
		<location x="146" y="0"/>
	</widget>
	<widget field="In_MotorCurrent_L" type="Number" class="edu.wpi.first.smartdashboard.gui.elements.TextBox">
		<location x="0" y="462"/>
	</widget>
	<widget field="In_MotorCmd_R" type="Number" class="edu.wpi.first.smartdashboard.gui.elements.TextBox">
		<location x="0" y="441"/>
	</widget>
	<widget field="In_MotorCmd_L" type="Number" class="edu.wpi.first.smartdashboard.gui.elements.TextBox">
		<location x="0" y="420"/>
	</widget>
	<widget field="In_MotorTarget_R" type="Number" class="edu.wpi.first.smartdashboard.gui.elements.TextBox">
		<location x="0" y="399"/>
	</widget>
	<widget field="In_MotorTarget_L" type="Number" class="edu.wpi.first.smartdashboard.gui.elements.TextBox">
		<location x="0" y="378"/>
	</widget>
	<widget field="In_Cycles" type="Number" class="edu.wpi.first.smartdashboard.gui.elements.TextBox">
		<location x="0" y="357"/>
	</widget>
	<widget field="In_System" type="Boolean" class="edu.wpi.first.smartdashboard.gui.elements.TextBox">
		<location x="0" y="336"/>
	</widget>
	<widget field="Drv Rate Lim Per Step" type="Number" class="edu.wpi.first.smartdashboard.gui.elements.TextBox">
		<location x="0" y="315"/>
	</widget>
	<widget field="Drv Rate Lim" type="Boolean" class="edu.wpi.first.smartdashboard.gui.elements.TextBox">
		<location x="0" y="294"/>
	</widget>
	<widget field="Drv Kp:dist" type="Number" class="edu.wpi.first.smartdashboard.gui.elements.TextBox">
		<location x="0" y="273"/>
	</widget>
	<widget field="Drv K:vel" type="Number" class="edu.wpi.first.smartdashboard.gui.elements.TextBox">
		<location x="0" y="252"/>
	</widget>
	<widget field="Drv K:gyro" type="Number" class="edu.wpi.first.smartdashboard.gui.elements.TextBox">
		<location x="0" y="231"/>
	</widget>
	<widget field="Drv gyro D" type="Number" class="edu.wpi.first.smartdashboard.gui.elements.TextBox">
		<location x="0" y="210"/>
	</widget>
	<widget field="Drv gyro M" type="Number" class="edu.wpi.first.smartdashboard.gui.elements.TextBox">
		<location x="0" y="189"/>
	</widget>
	<widget field="Drv pow R" type="Number" class="edu.wpi.first.smartdashboard.gui.elements.TextBox">
		<location x="0" y="168"/>
	</widget>
	<widget field="Drv pow L" type="Number" class="edu.wpi.first.smartdashboard.gui.elements.TextBox">
		<location x="0" y="147"/>
	</widget>
	<widget field="Drv vel R" type="Number" class="edu.wpi.first.smartdashboard.gui.elements.TextBox">
		<location x="0" y="126"/>
	</widget>
	<widget field="Drv vel L" type="Number" class="edu.wpi.first.smartdashboard.gui.elements.TextBox">
		<location x="0" y="105"/>
	</widget>
	<widget field="Drv cmd dist" type="Number" class="edu.wpi.first.smartdashboard.gui.elements.TextBox">
		<location x="0" y="84"/>
	</widget>
	<widget field="Drv enc R" type="Number" class="edu.wpi.first.smartdashboard.gui.elements.TextBox">
		<location x="0" y="63"/>
	</widget>
	<widget field="Drv enc L" type="Number" class="edu.wpi.first.smartdashboard.gui.elements.TextBox">
		<location x="0" y="42"/>
	</widget>
	<widget field="Drive Mode" type="Number" class="edu.wpi.first.smartdashboard.gui.elements.TextBox">
		<location x="0" y="21"/>
	</widget>
	<widget field="Drive Ready" type="Boolean" class="edu.wpi.first.smartdashboard.gui.elements.TextBox">
		<location x="0" y="0"/>
	</widget>
</dashboard>
<live-window>
</live-window>
</xml>