<?xml version="1.0"?>

<robot name="PPPP19">
	<interface>
		<device name = "pilot"   type = "joystick" num="0" /> 
		<device name = "copilot" type = "joystick" num="1" /> 
		<DISABLED_device name = "test"	type = "joystick" num="2" />
	 	<device name = "switches" type = "hid" digitals="12" analogs="4" ints="1" num="2" />
	</interface>

	<oi name = "config_arm"  device = "pilot" chan = "11" invert="false"/>
	<oi name = "config_load" device = "pilot" chan = "12" invert="false"/>	

	<D_oi name = "auton_can_race_state" device = "switches" chan = "3" invert="true"/>
	<D_oi name = "auton_can_race_on" device = "switches" chan = "12" invert="true"/>
			
	<DISABLED_oi name = "auton_enable"       device = "switches" chan = "1" invert="true"/>
	<DISABLED_oi name = "auton_select_b0"    device = "switches" chan = "2" invert="true"/>
	<DISABLED_oi name = "auton_select_b1"    device = "switches" chan = "3" invert="true"/>
	<DISABLED_oi name = "auton_select_b2"    device = "switches" chan = "4" invert="true"/>
	<DISABLED_oi name = "auton_delay_enable" device = "switches" chan = "5" invert="true"/>		
	<DISABLED_oi name = "auton_delay_value"  device = "switches" chan = "0" invert="true"/>	
	
	<compressor name="compressor" period="0.1"  priority = "0">
  	 	<digital_input name="switch" 	port="9" invert="true"/>
		<relay			name="power"	port="3" pb_port="8" />
	</compressor>

	<drive_system name="drive" period = "0.02" priority = "0">
		<motor name = "right_a" type = "TalonSRX" port="6"  pb_port="1" invert = "true"  />
		<motor name = "right_b" type = "TalonSRX" port="7"  pb_port="0" invert = "true"  />
		<motor name = "left_a"  type = "TalonSRX" port="8"  pb_port="14" invert = "false" />
 		<motor name = "left_b"  type = "TalonSRX" port="9"  pb_port="15" invert = "false" />

		<gyro port="0" sensitivity="0.007" />
		
		<encoder name="left"  port_a="4" port_b="5" scale="0.162" invert="true" />
		<encoder name="right" port_a="6" port_b="7" scale="0.162" invert="false" />
 
 		<oi name = "forward" device = "pilot" chan = "1" invert="true" deadband="0.05" />
		<oi name = "turn"    device = "pilot" chan = "2" invert="true" deadband="0.05" />

 	  	<oi name = "test_fwd"	device = "pilot" chan = "6" invert="false"/>
 	  	<oi name = "test_rev"	device = "pilot" chan = "5" invert="false"/>
 
	</drive_system>

	<intake_system  name="intake_system" period = "0.05"  priority = "0">
		<motor name = "intake_left" type = "TalonSRX"  port = "5"  pb_port="13" invert = "true"/>
		<motor name = "intake_right" type = "TalonSRX" port = "4"  pb_port="2" 	invert = "false"/>
	
		<pot name="pot_left"  port="4" raw1="1" calc1="1" raw2="4" calc2="60" min_raw="0.05" max_raw="4.95" tolerance="0.1"/>
	 	<pot name="pot_right" port="5" raw1="1" calc1="1" raw2="4" calc2="60" min_raw="0.05" max_raw="4.95" tolerance="0.1"/>
		
 		<pid name="pid_left" kp="0.007" ki="0.0" kd="0.0"	targ_min="-180.0" targ_max="180.0" targ_thp="0.2"
   	 		cntl_min="-1.0" cntl_max="1.0" />
 
		<pid name="pid_right" kp="0.007" ki="0.0" kd="0.0" targ_min="-180.0" targ_max="180.0" targ_thp="0.2"
   	 		cntl_min="-1.0" cntl_max="1.0" />

  		<solenoid name="power_takeoff_l" port="5"	 invert="false" />
 		<solenoid name="power_takeoff_r" port="6"	 invert="false" />
  			
		<oi name = "roller_left_forward" device = "pilot" chan = "8" speed = "1" jawSpeed = "0.25"/>
		<oi name = "roller_right_forward" device = "pilot" chan = "8" speed = "1" jawSpeed = "0.25"/>
		<oi name = "roller_left_reverse_state" device = "pilot" chan = "6" speed = "-1" jawSpeed = "-0.25"/>
		<oi name = "roller_left_reverse_state" device = "copilot" chan = "5" speed = "-1" jawSpeed = "-0.25"/>
		<oi name = "roller_right_reverse_state" device = "pilot" chan = "6" speed = "-1" jawSpeed = "-0.25"/>
		<oi name = "roller_right_reverse_state" device = "copilot" chan = "5" speed = "-1" jawSpeed = "-0.25"/>
		<oi name = "roller_left_stop" device = "pilot" chan = "3"/>
		<oi name = "roller_right_stop" device = "pilot" chan = "3"/>
		<DISABLED_oi name = "pto_toggle" device = "pilot" chan = "5" engage_delay="0.1" 
												disengage_delay = "0.1" invert="false"/>
		<oi name = "pto_state" device = "pilot" chan = "5" engage_delay="0.1"
												disengage_delay = "0.1" invert="false"/>
	</intake_system>

	<tote_lift name="tote_lift" period = "0.05"  priority = "0">
		<motor name = "lift"  type = "TalonSRX" port="3" pb_port="12" invert="true"/>
		

  		<solenoid name="eject_sol" port="2"	 invert="false" />
  		
  	 	<pot name="lift_pos" port="2" raw1="3.141" raw2="0.884" calc1="19.06" calc2="42.38" min_raw="0.05" max_raw="4.95" />
  	 	
  	 	<digital_input name="top_limit" 	port="0" invert="true"/>
   	 	<digital_input name="bottom_limit"	port="1" invert="false"/>
   	 	<digital_input name="tote_one" 		port="2" invert="false"/>
   	 	<digital_input name="tote_two" 		port="3" invert="true"/> <!-- invert back -->

		<pid name="lift_pid" kp="0.7" ki="0.0" kd="0.0"	targ_min="0.0" targ_max="68.0" targ_thp="0.2"
   	 		cntl_min="-1.0" cntl_max="1.0" />

		<oi name = "increment" 		step="0.1" 		device = "test" chan = "5" invert="false" />
		<oi name = "decrement" 		step="0.1" 		device = "test" chan = "7" invert="false" />
		<oi name = "stop" 							device = "test" chan = "9" invert="false" />
		<oi name = "lift_power"						device = "copilot" chan = "1" invert="true"/>
 		<oi name = "eject" 							device = "copilot" chan = "8" /> 
		<oi name = "landfill_mode"					device = "switches" chan = "9" invert="false"/>
		<oi name = "hp_mode"					device = "switches" chan = "10" invert="false"/>
		
		<DISABLED_oi name = "momentary_up" 	value="0.3" 	device = "test" chan = "6" invert="false" />
		<DISABLED_oi name = "momentary_down" vale="-0.3"		device = "test" chan = "8" invert="false" />
			
  	</tote_lift>
 	
	<can_lift name="can_lift"  period = "0.05" priority = "0">
 		<motor name = "arm_lift"  	type = "TalonSRX" port="2"  pb_port="3" invert = "true" />
		<motor name = "claw_roller" type = "TalonSRX" port="0"  pb_port="4" invert = "false"  />
		
		<solenoid name = "tote_holder" 	port="7"  invert = "false"  />
		<solenoid name = "tote_holder_b" 	port="0"  invert = "false"  />

		
		<solenoid name = "can_front_holder" 	port="0"  module="1" invert = "false"  />
		
		<oi name = "tote_holder_toggle"				device = "copilot" chan = "6" invert="false" />		
		<oi name = "can_holder_toggle"				device = "pilot" chan = "1" invert="false" />		
 	</can_lift>

	<can_dom period = "0.05" name="can_dom"  priority = "0">
		<motor name = "winch"  type = "TalonSRX" port="1"  pb_port="11" invert = "true" />

		<solenoid name = "left_latch" 	port="3"  invert = "false" />
		<solenoid name = "right_latch" 	port="4"  invert = "false" />
		<solenoid name = "race_sol" 	port="1"  invert = "false" />
		
		
 		<digital_input name="right_top_limit" 		port="12" 	invert="true"/>
   	 	<digital_input name="right_bottom_limit"	port="13" 	invert="true"/>
   	 	<digital_input name="left_bottom_limit" 	port="14" 	invert="true"/>
   	 	<digital_input name="left_top_limit" 		port="15" 	invert="true"/>

   	 	<pot name="arm_angle" port="1" raw1="0.5" raw2="4.5" calc1="0.0" calc2="90.0" min_raw="0.05" max_raw="4.95" />

   	 	<pid name="arm_angle" kp="0.02" ki="0.0" kd="0.0" targ_min="-20.0" targ_max="100.0" targ_thp="0.2"
   	 		cntl_min="-0.4" cntl_max="0.6" />
   	 		
   	 	<oi name = "position"	device = "copilot" chan = "0" stow_value = "90" 
   	 		 grab_value = "20" ready_value = "30" />
   	 		 
   	 	<DISABLED_oi name = "left_sol_state"		device = "copilot" chan = "9"  invert="false" />
   	 	<DISABLED_oi name = "right_sol_state"	device = "copilot" chan = "10"  invert="false" />

   	 	<DISABLED_oi name = "left_active_state"		device = "switches" chan = "9"  invert="false" />
   	 	<DISABLED_oi name = "right_active_state"		device = "switches" chan = "10"  invert="false" />

   	 	<oi name = "left_active_toggle"		device = "switches" chan = "5"  invert="true" />
   	 	<oi name = "right_active_toggle"	device = "switches" chan = "6"  invert="true" />
 
   	 	<oi name = "open_loop"	device = "switches" chan = "1"  invert="true" />
 	</can_dom>
	<camera name="camera" period="0.3"  priority = "0" port="1130" ds_host="10.90.18.66" ds_port="1140">
		<module name="front" 	device="0" width="160" height="120" compression="50" />
		<DISABLED_module name="back" 	device="1" width="160" height="120" compression="50" />
		
		<oi name="toggle"  device = "switches" chan = "9" invert="true"  />
		<DISABLED_oi name="toggle"  device = "pilot" chan = "10" invert="true"  />
	</camera>
	
<!--
	<lights name="lights"  period = "0.05" priority = "0">
	</lights>
-->	

	<macro name="AutoSwallow1" file="/config/macros/AutoSwallow1.xml">
      <!--  <oi name="AutoSwallow1" device="test" chan="1" />-->
	</macro>

	<macro name="Swallow1" file="/config/macros/Swallow1.xml">
	      <oi name="Swallow1" device="copilot" chan="1" />
	</macro>
	
	<macro name="Swallow2" file="/config/macros/Swallow2.xml">
        <oi name="Swallow2" device="copilot" chan="3" />
	</macro>
	
	<macro name="Swallow2plus007" file="/config/macros/Swallow2plus007.xml">
        <oi name="Swallow2plus007" device="copilot" chan="4" />
	</macro>
	
	<macro name="SwallowCan" file="/config/macros/SwallowCan.xml">
        <oi name="SwallowCan" device="copilot" chan="12" />
	</macro>
	
	<macro name="Beach" file="/config/macros/Beach.xml">
        <oi name="Beach" device="copilot" chan="7" />
		<oi name="Beach" device="pilot" chan="7" />
	</macro>
	
	<macro name="Swallow3" file="/config/macros/Swallow3.xml">
		<oi name="Swallow3" device="copilot" chan="2" />
	</macro>
	
	<macro name="AutoSwallow3" file="/config/macros/AutoSwallow3.xml">
      <!--  <oi name="AutoSwallow3" device="test" chan="3" />-->
	</macro>
	
	<macro name="CanDomDeploy.xml" file="/config/macros/CanDomDeploy.xml">
        <oi name="CanDomDeploy" device="test" chan="4" />
	</macro>
</robot>
